caller,receiver,timestamp,duration
9112233445,9895285932,2026-02-04 02:31:54,202
9876543210,9896233790,2026-02-04 07:59:46,50
9000011111,9826600539,2026-02-04 10:42:34,65
9123456789,9765432100,2026-02-04 10:46:46,91
9000011111,9112233445,2026-02-04 11:26:18,198
9988776655,9786579303,2026-02-04 12:21:45,180
9876543210,9339670711,2026-02-05 01:27:14,87
9249827706,9123456789,2026-02-05 04:21:36,142
9339670711,9895285932,2026-02-05 08:56:41,292
9896233790,9200604502,2026-02-05 10:46:09,41
9876543210,9334760738,2026-02-05 11:03:34,23
9000011111,9112233445,2026-02-05 11:17:02,107
9123456789,9126855092,2026-02-05 12:22:28,121
9339670711,9765432100,2026-02-05 13:08:08,109
9131994523,9895285932,2026-02-05 14:43:39,71
9126855092,9249827706,2026-02-05 16:03:13,13
9126855092,9876543210,2026-02-05 16:13:15,175
9112233445,9734036506,2026-02-06 01:02:16,18
9126855092,9786579303,2026-02-06 01:42:38,100
9123456789,9876543210,2026-02-06 01:52:22,9
9876543210,9112233445,2026-02-06 03:07:48,5
9123456789,9123456789,2026-02-06 06:45:43,153
9123456789,9123456789,2026-02-06 07:55:27,51
9000011111,9112233445,2026-02-06 09:31:30,80
9876543210,9112233445,2026-02-06 10:40:41,229
9876543210,9000011111,2026-02-06 11:04:33,81
9131994523,9200604502,2026-02-06 11:55:12,9
9876543210,9988776655,2026-02-06 12:49:42,92
9876543210,9988776655,2026-02-06 13:14:18,22
9000011111,9890779946,2026-02-06 13:43:20,5
9249827706,9395310485,2026-02-06 14:41:10,35
9131994523,9112233445,2026-02-06 23:40:17,35
9876543210,9334760738,2026-02-07 01:44:22,131
9200604502,9988776655,2026-02-07 02:30:23,16
9339670711,9134126396,2026-02-07 02:48:11,21
9988776655,9553035110,2026-02-07 02:53:19,174
9000011111,9112233445,2026-02-07 03:59:16,5
9734036506,9890779946,2026-02-07 04:00:11,120
9123456789,9765432100,2026-02-07 05:44:33,321
9362950628,9395310485,2026-02-07 07:03:52,277
9000011111,9123456789,2026-02-07 09:05:17,83
9210053353,9826600539,2026-02-07 09:30:01,52
9123456789,9826600539,2026-02-07 10:27:29,73
9000011111,9876543210,2026-02-07 10:41:39,132
9765432100,9395310485,2026-02-07 11:01:15,94
9876543210,9876543210,2026-02-07 11:59:21,73
9131994523,9334760738,2026-02-07 15:20:55,34
9876543210,9395310485,2026-02-07 15:25:15,35
9000011111,9123456789,2026-02-07 16:17:08,12
9249827706,9112233445,2026-02-07 16:42:56,39
9112233445,9339670711,2026-02-07 16:53:24,5
9134126396,9876543210,2026-02-07 16:56:41,77
9131994523,9786579303,2026-02-07 17:19:58,303
9786579303,9896233790,2026-02-08 00:54:40,149
9000011111,9988776655,2026-02-08 01:44:07,270
9395310485,9896233790,2026-02-08 03:18:53,41
9000011111,9193349856,2026-02-08 06:50:16,33
9895285932,9786579303,2026-02-08 06:52:05,61
9896233790,9334760738,2026-02-08 08:16:48,5
9123456789,9988776655,2026-02-08 08:56:26,62
9123456789,9345678901,2026-02-08 10:34:30,155
9890779946,9193349856,2026-02-08 10:43:13,125
9876543210,9395310485,2026-02-08 13:29:16,31
9112233445,9685582861,2026-02-09 02:27:11,72
9876543210,9000011111,2026-02-09 06:08:38,97
9123456789,9345678901,2026-02-09 07:01:45,9
9685582861,9126855092,2026-02-09 07:02:36,208
9876543210,9876543210,2026-02-09 07:10:17,152
9876543210,9249827706,2026-02-09 07:19:26,16
9000011111,9786579303,2026-02-09 08:28:22,204
9123456789,9685582861,2026-02-09 10:05:07,38
9219540831,9826600539,2026-02-09 12:02:23,14
9200604502,9112233445,2026-02-09 12:33:45,7
9988776655,9890779946,2026-02-09 12:33:46,129
9123456789,9126855092,2026-02-09 12:35:53,112
9123456789,9876543210,2026-02-09 16:14:20,212
9123456789,9988776655,2026-02-09 16:51:09,44
9123456789,9112233445,2026-02-09 17:13:51,29
9123456789,9219540831,2026-02-10 00:55:36,6
9123456789,9765432100,2026-02-10 03:09:25,84
9395310485,9249827706,2026-02-10 03:17:16,26
9134126396,9826600539,2026-02-10 03:43:05,71
9876543210,9734036506,2026-02-10 04:15:48,78
9249827706,9200604502,2026-02-10 06:35:17,24
9988776655,9334760738,2026-02-10 09:21:41,5
9123456789,9200604502,2026-02-10 09:50:54,89
9200604502,9123456789,2026-02-10 11:21:20,82
9786579303,9362950628,2026-02-10 14:36:19,72
9000011111,9193349856,2026-02-10 17:10:22,93
9000011111,9765432100,2026-02-10 23:48:49,69
9000011111,9765432100,2026-02-11 00:56:01,150
9876543210,9876543210,2026-02-11 01:18:40,19
9362950628,9890779946,2026-02-11 02:42:54,13
9876543210,9000011111,2026-02-11 03:49:17,6
9553035110,9395310485,2026-02-11 06:40:49,11
9876543210,9988776655,2026-02-11 07:14:30,103
9890779946,9134126396,2026-02-11 13:34:39,61
9200604502,9345678901,2026-02-11 13:38:08,87
9000011111,9210053353,2026-02-12 00:02:57,109
9553035110,9112233445,2026-02-12 00:45:56,107
9339670711,9345678901,2026-02-12 00:54:03,178
9395310485,9339670711,2026-02-12 01:42:47,198
9786579303,9112233445,2026-02-12 02:27:01,48
9685582861,9734036506,2026-02-12 03:31:31,107
9334760738,9786579303,2026-02-12 03:42:07,294
9000011111,9988776655,2026-02-12 07:17:29,80
9000011111,9112233445,2026-02-12 09:06:32,132
9339670711,9345678901,2026-02-12 14:42:48,5
9131994523,9123456789,2026-02-12 15:17:19,315
9112233445,9895285932,2026-02-12 23:44:52,67
9685582861,9896233790,2026-02-13 05:09:37,21
9876543210,9765432100,2026-02-13 05:48:12,124
9876543210,9123456789,2026-02-13 06:05:30,162
9123456789,9334760738,2026-02-13 06:56:38,90
9826600539,9219540831,2026-02-13 07:35:13,160
9123456789,9765432100,2026-02-13 07:45:36,18
9123456789,9334760738,2026-02-13 08:32:13,203
9000011111,9112233445,2026-02-13 08:37:08,12
9395310485,9126855092,2026-02-13 09:32:35,17
9123456789,9988776655,2026-02-13 10:28:28,108
9131994523,9193349856,2026-02-13 16:47:23,39
9890779946,9126855092,2026-02-13 23:53:26,50
9000011111,9193349856,2026-02-14 00:59:03,11
9685582861,9896233790,2026-02-14 01:45:30,5
9123456789,9988776655,2026-02-14 06:18:36,43
9896233790,9895285932,2026-02-14 07:00:09,7
9123456789,9988776655,2026-02-14 08:33:35,5
9000011111,9219540831,2026-02-14 09:01:58,26
9876543210,9000011111,2026-02-14 09:23:59,24
9734036506,9362950628,2026-02-14 09:53:42,35
9123456789,9988776655,2026-02-14 12:48:15,118
9123456789,9345678901,2026-02-14 12:58:28,148
9000011111,9988776655,2026-02-14 13:49:44,54
9339670711,9345678901,2026-02-14 13:55:58,199
9000011111,9345678901,2026-02-14 13:56:18,81
9334760738,9134126396,2026-02-14 14:49:31,385
9000011111,9112233445,2026-02-15 02:06:53,41
9000011111,9685582861,2026-02-15 04:42:35,83
9734036506,9134126396,2026-02-15 07:52:07,352
9126855092,9896233790,2026-02-15 08:52:33,390
9896233790,9334760738,2026-02-15 12:28:09,19
9123456789,9112233445,2026-02-15 15:00:39,37
9193349856,9765432100,2026-02-15 15:07:32,7
9553035110,9345678901,2026-02-15 16:28:44,52
9123456789,9123456789,2026-02-16 03:48:43,39
9362950628,9249827706,2026-02-16 05:06:52,86
9193349856,9112233445,2026-02-16 10:49:44,25
9193349856,9000011111,2026-02-16 11:50:41,28
9890779946,9826600539,2026-02-16 13:34:14,150
9123456789,9988776655,2026-02-16 15:43:50,125
9876543210,9123456789,2026-02-16 17:15:48,48
9339670711,9988776655,2026-02-17 04:02:44,9
9876543210,9112233445,2026-02-17 04:44:15,512
9876543210,9876543210,2026-02-17 05:43:40,23
9131994523,9890779946,2026-02-17 06:14:05,89
9200604502,9000011111,2026-02-17 07:10:46,6
9193349856,9249827706,2026-02-17 09:40:39,315
9876543210,9123456789,2026-02-17 10:47:24,29
9890779946,9131994523,2026-02-17 12:59:47,278
9896233790,9890779946,2026-02-17 13:17:35,133
9876543210,9345678901,2026-02-17 13:46:27,43
9126855092,9876543210,2026-02-17 14:40:53,107
9553035110,9126855092,2026-02-17 17:15:44,54
9786579303,9000011111,2026-02-17 23:31:43,64
9895285932,9123456789,2026-02-18 00:15:41,11
9786579303,9685582861,2026-02-18 01:47:59,20
9000011111,9345678901,2026-02-18 03:13:10,148
9219540831,9895285932,2026-02-18 04:33:13,12
9896233790,9193349856,2026-02-18 06:28:31,86
9000011111,9362950628,2026-02-18 06:35:28,96
9123456789,9345678901,2026-02-18 07:10:11,57
9553035110,9134126396,2026-02-18 08:05:49,17
9876543210,9988776655,2026-02-18 08:32:52,5
9553035110,9134126396,2026-02-18 09:16:16,25
9123456789,9131994523,2026-02-18 10:41:38,18
9000011111,9249827706,2026-02-18 12:11:07,33
9000011111,9334760738,2026-02-18 12:21:49,23
9000011111,9345678901,2026-02-18 12:46:15,103
9826600539,9896233790,2026-02-18 14:28:37,105
9123456789,9200604502,2026-02-18 15:29:23,269
9553035110,9193349856,2026-02-18 16:04:59,42
9000011111,9876543210,2026-02-18 16:10:26,313
9895285932,9131994523,2026-02-18 16:45:08,10
9876543210,9395310485,2026-02-18 16:49:38,242
9553035110,9345678901,2026-02-19 00:56:01,13
9193349856,9786579303,2026-02-19 01:09:55,5
9826600539,9988776655,2026-02-19 01:55:49,267
9000011111,9345678901,2026-02-19 02:36:14,325
9123456789,9988776655,2026-02-19 05:39:32,6
9123456789,9339670711,2026-02-19 05:52:56,188
9786579303,9112233445,2026-02-19 06:19:59,61
9249827706,9395310485,2026-02-19 07:40:19,151
9000011111,9988776655,2026-02-19 09:09:35,15
9334760738,9345678901,2026-02-19 09:18:48,172
9553035110,9890779946,2026-02-19 12:58:33,7
9876543210,9000011111,2026-02-19 13:34:15,335
9896233790,9876543210,2026-02-19 14:03:37,47
9000011111,9112233445,2026-02-19 14:51:05,270
9249827706,9339670711,2026-02-19 15:06:52,110
9876543210,9000011111,2026-02-19 15:37:41,35
9765432100,9123456789,2026-02-20 01:50:40,446
9123456789,9876543210,2026-02-20 02:31:19,126
9123456789,9345678901,2026-02-20 03:12:58,46
9123456789,9345678901,2026-02-20 04:27:45,45
9112233445,9876543210,2026-02-20 04:34:40,24
9219540831,9131994523,2026-02-20 04:50:06,107
9339670711,9895285932,2026-02-20 05:14:26,252
9193349856,9112233445,2026-02-20 05:54:05,177
9123456789,9765432100,2026-02-20 06:09:43,216
9000011111,9123456789,2026-02-20 08:47:05,123
9000011111,9988776655,2026-02-20 10:26:49,392
9890779946,9123456789,2026-02-20 12:08:29,55
9988776655,9553035110,2026-02-20 12:19:38,17
9123456789,9988776655,2026-02-20 15:58:14,314
9988776655,9553035110,2026-02-20 17:21:58,32
9339670711,9126855092,2026-02-20 17:26:35,17
9126855092,9395310485,2026-02-20 23:38:15,5
9131994523,9895285932,2026-02-21 01:18:28,53
9000011111,9000011111,2026-02-21 01:29:56,5
9345678901,9334760738,2026-02-21 01:46:03,56
9000011111,9345678901,2026-02-21 02:13:25,64
9000011111,9345678901,2026-02-21 02:16:15,28
9123456789,9112233445,2026-02-21 02:35:03,89
9123456789,9000011111,2026-02-21 02:35:04,295
9123456789,9345678901,2026-02-21 03:31:01,5
9123456789,9765432100,2026-02-21 06:15:30,112
9000011111,9876543210,2026-02-21 06:31:10,14
9131994523,9685582861,2026-02-21 07:18:25,9
9362950628,9339670711,2026-02-21 08:34:34,127
9876543210,9126855092,2026-02-21 09:46:35,42
9112233445,9765432100,2026-02-21 09:47:55,5
9193349856,9988776655,2026-02-21 11:19:27,92
9249827706,9339670711,2026-02-21 14:09:25,22
9334760738,9134126396,2026-02-21 17:16:28,214
9876543210,9765432100,2026-02-22 00:20:40,162
9988776655,9395310485,2026-02-22 00:27:17,57
9826600539,9219540831,2026-02-22 01:43:10,66
9000011111,9988776655,2026-02-22 02:15:08,34
9123456789,9193349856,2026-02-22 06:46:05,85
9000011111,9000011111,2026-02-22 06:50:09,146
9210053353,9553035110,2026-02-22 09:03:15,123
9123456789,9988776655,2026-02-22 09:14:37,85
9000011111,9765432100,2026-02-22 10:18:05,64
9826600539,9553035110,2026-02-22 13:11:44,9
9112233445,9826600539,2026-02-22 14:08:32,17
9876543210,9988776655,2026-02-22 14:39:04,38
9876543210,9765432100,2026-02-22 14:39:05,5
9123456789,9219540831,2026-02-22 16:12:15,32
9123456789,9553035110,2026-02-23 01:18:43,110
9876543210,9123456789,2026-02-23 02:10:06,125
9362950628,9553035110,2026-02-23 05:03:13,44
9000011111,9988776655,2026-02-23 06:30:13,13
9362950628,9896233790,2026-02-23 06:40:59,44
9553035110,9734036506,2026-02-23 08:44:51,90
9395310485,9345678901,2026-02-23 09:32:33,116
9876543210,9988776655,2026-02-23 12:34:06,248
9126855092,9345678901,2026-02-23 13:11:14,69
9876543210,9000011111,2026-02-23 13:29:35,80
9362950628,9126855092,2026-02-23 14:42:49,68
9000011111,9988776655,2026-02-23 15:18:59,15
9219540831,9123456789,2026-02-23 15:52:50,149
9123456789,9876543210,2026-02-24 00:41:50,5
9123456789,9395310485,2026-02-24 03:13:55,145
9200604502,9112233445,2026-02-24 03:20:43,247
9123456789,9876543210,2026-02-24 03:32:43,166
9126855092,9685582861,2026-02-24 04:52:37,47
9334760738,9553035110,2026-02-24 05:07:54,74
9000011111,9786579303,2026-02-24 08:13:24,7
9123456789,9345678901,2026-02-24 10:33:03,76
9876543210,9895285932,2026-02-24 11:27:16,31
9000011111,9345678901,2026-02-24 11:44:09,25
9000011111,9362950628,2026-02-24 12:38:10,101
9000011111,9876543210,2026-02-24 13:05:30,29
9249827706,9988776655,2026-02-24 14:59:07,19
9988776655,9249827706,2026-02-25 00:21:24,33
9000011111,9395310485,2026-02-25 01:17:38,5
9876543210,9890779946,2026-02-25 01:59:39,115
9786579303,9345678901,2026-02-25 03:24:31,63
9134126396,9395310485,2026-02-25 03:47:53,91
9876543210,9200604502,2026-02-25 04:05:22,50
9210053353,9826600539,2026-02-25 04:31:30,27
9200604502,9210053353,2026-02-25 04:58:42,220
9000011111,9200604502,2026-02-25 06:35:48,152
9123456789,9339670711,2026-02-25 07:34:49,181
9123456789,9890779946,2026-02-25 12:16:18,8
9876543210,9112233445,2026-02-25 12:32:58,9
9000011111,9112233445,2026-02-25 15:00:27,107
9553035110,9895285932,2026-02-25 16:20:30,17
9000011111,9123456789,2026-02-25 23:38:53,15
9339670711,9876543210,2026-02-26 01:52:53,170
9123456789,9134126396,2026-02-26 02:02:32,70
9000011111,9988776655,2026-02-26 03:45:00,5
9123456789,9765432100,2026-02-26 07:04:18,8
9362950628,9126855092,2026-02-26 07:09:35,133
9334760738,9734036506,2026-02-26 11:21:27,384
9123456789,9988776655,2026-02-26 12:44:38,94
9895285932,9210053353,2026-02-26 15:01:48,170
9210053353,9895285932,2026-02-27 02:00:32,188
9876543210,9988776655,2026-02-27 03:59:22,42
9000011111,9988776655,2026-02-27 04:10:57,92
9553035110,9988776655,2026-02-27 05:05:36,50
9000011111,9000011111,2026-02-27 11:50:00,7
9123456789,9123456789,2026-02-27 12:04:04,100
9876543210,9765432100,2026-02-27 12:25:07,15
9123456789,9988776655,2026-02-27 13:56:47,31
9000011111,9765432100,2026-02-27 14:12:07,63
9112233445,9249827706,2026-02-27 16:53:35,37
9210053353,9988776655,2026-02-27 17:26:04,171
9200604502,9249827706,2026-02-27 23:51:14,32
9362950628,9895285932,2026-02-28 01:55:36,11
9123456789,9765432100,2026-02-28 06:42:27,212
9786579303,9553035110,2026-02-28 08:26:38,110
9123456789,9345678901,2026-02-28 09:40:27,128
9890779946,9895285932,2026-02-28 10:07:43,24
9334760738,9896233790,2026-02-28 12:42:53,65
9123456789,9765432100,2026-02-28 14:33:13,8
9876543210,9123456789,2026-02-28 15:47:42,34
9334760738,9734036506,2026-02-28 17:12:12,94
9123456789,9553035110,2026-02-28 23:43:32,93
9000011111,9112233445,2026-03-01 00:38:36,172
9553035110,9786579303,2026-03-01 00:52:54,61
9988776655,9395310485,2026-03-01 04:15:21,116
9193349856,9786579303,2026-03-01 05:31:35,10
9334760738,9249827706,2026-03-01 07:39:05,26
9000011111,9193349856,2026-03-01 07:59:32,48
9895285932,9000011111,2026-03-01 08:18:58,44
9000011111,9553035110,2026-03-01 09:02:06,6
9339670711,9734036506,2026-03-01 09:13:42,6
9895285932,9826600539,2026-03-01 10:34:57,71
9988776655,9219540831,2026-03-01 10:55:55,138
9765432100,9362950628,2026-03-01 14:28:22,735
9123456789,9765432100,2026-03-01 14:31:34,148
9395310485,9890779946,2026-03-01 16:14:15,182
9826600539,9249827706,2026-03-01 16:18:58,109
9131994523,9126855092,2026-03-01 16:26:55,62
9123456789,9200604502,2026-03-02 00:39:31,40
9876543210,9345678901,2026-03-02 02:28:03,53
9000011111,9876543210,2026-03-02 02:53:07,60
9219540831,9395310485,2026-03-02 03:31:28,60
9000011111,9123456789,2026-03-02 04:20:38,134
9876543210,9334760738,2026-03-02 04:26:57,8
9123456789,9345678901,2026-03-02 05:26:56,60
9988776655,9339670711,2026-03-02 06:44:08,5
9134126396,9826600539,2026-03-02 08:20:03,74
9876543210,9339670711,2026-03-02 10:01:27,35
9339670711,9131994523,2026-03-02 11:22:40,205
9131994523,9000011111,2026-03-02 11:55:02,30
9123456789,9988776655,2026-03-02 15:23:22,12
9123456789,9826600539,2026-03-02 15:34:45,204
9895285932,9786579303,2026-03-02 17:10:53,64
9200604502,9734036506,2026-03-02 17:25:28,16
9734036506,9131994523,2026-03-03 00:00:57,70
9126855092,9553035110,2026-03-03 02:56:37,7
9000011111,9345678901,2026-03-03 03:42:31,117
9876543210,9112233445,2026-03-03 03:57:02,66
9123456789,9112233445,2026-03-03 05:58:15,5
9210053353,9249827706,2026-03-03 06:38:49,6
9000011111,9345678901,2026-03-03 09:03:37,10
9345678901,9890779946,2026-03-03 11:28:45,388
9876543210,9765432100,2026-03-03 13:41:49,7
9123456789,9876543210,2026-03-03 14:32:28,257
9000011111,9193349856,2026-03-03 15:08:18,66
9249827706,9685582861,2026-03-04 00:56:06,253
9362950628,9896233790,2026-03-04 02:03:06,42
9896233790,9553035110,2026-03-04 02:18:41,56
9134126396,9112233445,2026-03-04 03:00:56,14
9200604502,9896233790,2026-03-04 03:32:55,180
9123456789,9362950628,2026-03-04 06:25:50,12
9786579303,9895285932,2026-03-04 09:15:45,298
9123456789,9765432100,2026-03-04 09:20:42,196
9123456789,9876543210,2026-03-04 09:38:01,69
9200604502,9334760738,2026-03-04 14:10:11,19
9000011111,9896233790,2026-03-04 16:40:25,56
9123456789,9345678901,2026-03-04 17:14:33,56
9210053353,9334760738,2026-03-05 00:17:42,235
9685582861,9826600539,2026-03-05 01:34:51,414
9193349856,9362950628,2026-03-05 02:04:04,42
9123456789,9123456789,2026-03-05 02:11:01,70
9895285932,9362950628,2026-03-05 02:22:18,96
9123456789,9000011111,2026-03-05 02:31:32,97
9334760738,9896233790,2026-03-05 03:18:44,146
9876543210,9734036506,2026-03-05 07:11:12,126
9876543210,9734036506,2026-03-05 07:39:49,51
9362950628,9685582861,2026-03-05 09:10:31,5
9123456789,9685582861,2026-03-05 09:10:32,90
9123456789,9685582861,2026-03-05 09:37:21,105
9786579303,9249827706,2026-03-05 10:32:25,8
9362950628,9345678901,2026-03-05 11:21:02,297
9123456789,9000011111,2026-03-05 11:53:44,136
9123456789,9131994523,2026-03-05 16:02:36,11
9000011111,9765432100,2026-03-05 16:34:57,15
9000011111,9123456789,2026-03-05 16:36:22,30
9123456789,9988776655,2026-03-05 17:08:20,119
9876543210,9131994523,2026-03-06 00:45:24,55
9123456789,9126855092,2026-03-06 02:46:48,80
9896233790,9000011111,2026-03-06 02:55:44,155
9219540831,9200604502,2026-03-06 03:03:11,66
9000011111,9345678901,2026-03-06 06:15:16,57
9553035110,9123456789,2026-03-06 08:32:23,137
9126855092,9131994523,2026-03-06 09:38:23,61
9123456789,9345678901,2026-03-06 10:26:13,5
9193349856,9112233445,2026-03-06 11:51:40,214
9000011111,9988776655,2026-03-06 11:54:41,37
9000011111,9345678901,2026-03-06 13:43:46,87
9876543210,9126855092,2026-03-06 14:05:58,75
9339670711,9876543210,2026-03-06 14:27:58,240
9000011111,9000011111,2026-03-06 15:53:47,5
9685582861,9339670711,2026-03-06 16:37:14,41
9123456789,9134126396,2026-03-06 16:49:20,38
9786579303,9345678901,2026-03-06 23:32:23,142
9896233790,9988776655,2026-03-07 00:35:30,24
9112233445,9553035110,2026-03-07 02:15:32,31
9786579303,9134126396,2026-03-07 02:28:38,295
9890779946,9210053353,2026-03-07 03:21:58,200
9123456789,9345678901,2026-03-07 03:31:08,100
9876543210,9112233445,2026-03-07 03:39:16,103
9876543210,9000011111,2026-03-07 04:32:34,213
9123456789,9112233445,2026-03-07 05:41:06,5
9339670711,9765432100,2026-03-07 06:49:33,34
9123456789,9112233445,2026-03-07 09:38:29,126
9200604502,9134126396,2026-03-07 09:57:20,39
9134126396,9000011111,2026-03-07 10:03:58,22
9765432100,9112233445,2026-03-07 13:37:44,419
9000011111,9123456789,2026-03-07 16:46:09,100
9219540831,9200604502,2026-03-07 16:59:05,61
9123456789,9685582861,2026-03-08 08:18:58,84
9339670711,9249827706,2026-03-08 09:07:43,29
9765432100,9112233445,2026-03-08 09:32:23,90
9395310485,9134126396,2026-03-08 13:01:00,13
9876543210,9123456789,2026-03-08 13:18:56,50
9765432100,9131994523,2026-03-08 13:20:56,178
9734036506,9685582861,2026-03-08 13:50:01,37
9876543210,9123456789,2026-03-08 14:32:46,18
9685582861,9112233445,2026-03-08 16:18:34,45
9123456789,9553035110,2026-03-08 17:20:45,237
9345678901,9123456789,2026-03-08 23:38:10,14
9988776655,9362950628,2026-03-09 00:05:18,85
9000011111,9876543210,2026-03-09 01:20:52,41
9112233445,9134126396,2026-03-09 06:53:29,5
9876543210,9339670711,2026-03-09 07:07:49,260
9826600539,9896233790,2026-03-09 11:47:09,72
9000011111,9112233445,2026-03-09 13:34:41,79
9000011111,9345678901,2026-03-09 14:00:43,92
9876543210,9219540831,2026-03-09 15:07:13,36
9000011111,9345678901,2026-03-09 15:39:45,29
9123456789,9345678901,2026-03-09 16:06:08,29
9219540831,9210053353,2026-03-09 16:25:15,5
9734036506,9876543210,2026-03-10 00:25:23,11
9876543210,9786579303,2026-03-10 00:38:57,34
9000011111,9765432100,2026-03-10 01:33:47,129
9123456789,9000011111,2026-03-10 06:58:12,196
9123456789,9988776655,2026-03-10 08:16:39,66
9000011111,9988776655,2026-03-10 08:47:04,62
9219540831,9765432100,2026-03-10 09:28:05,158
9200604502,9553035110,2026-03-10 09:51:46,5
9131994523,9134126396,2026-03-10 11:01:50,5
9734036506,9193349856,2026-03-10 11:10:47,85
9876543210,9219540831,2026-03-10 11:56:57,5
9786579303,9876543210,2026-03-10 12:00:06,43
9193349856,9123456789,2026-03-10 14:38:56,47
9000011111,9988776655,2026-03-10 14:42:52,167
9193349856,9345678901,2026-03-11 00:55:56,61
9123456789,9345678901,2026-03-11 00:56:03,65
9734036506,9988776655,2026-03-11 01:04:33,15
9890779946,9134126396,2026-03-11 01:48:36,87
9123456789,9112233445,2026-03-11 02:43:47,77
9123456789,9765432100,2026-03-11 04:06:54,5
9123456789,9193349856,2026-03-11 04:58:16,135
9876543210,9826600539,2026-03-11 05:16:06,40
9339670711,9896233790,2026-03-11 05:54:26,196
9786579303,9395310485,2026-03-11 06:04:11,72
9000011111,9112233445,2026-03-11 06:55:21,7
9131994523,9826600539,2026-03-11 08:31:22,5
9126855092,9219540831,2026-03-11 09:49:42,238
9249827706,9826600539,2026-03-11 09:51:36,116
9876543210,9131994523,2026-03-11 12:08:48,276
9765432100,9395310485,2026-03-11 15:39:34,5
9876543210,9988776655,2026-03-11 16:43:40,13
9123456789,9765432100,2026-03-12 00:49:32,91
9395310485,9362950628,2026-03-12 01:05:07,37
9876543210,9200604502,2026-03-12 01:19:53,87
9123456789,9210053353,2026-03-12 01:58:27,33
9876543210,9553035110,2026-03-12 04:50:08,151
9876543210,9000011111,2026-03-12 06:37:26,5
9765432100,9826600539,2026-03-12 07:13:01,112
9339670711,9193349856,2026-03-12 08:08:11,8
9126855092,9134126396,2026-03-12 08:55:05,64
9000011111,9000011111,2026-03-12 09:39:46,35
9123456789,9395310485,2026-03-12 11:41:52,29
9193349856,9734036506,2026-03-12 14:10:57,200
9123456789,9876543210,2026-03-12 17:20:29,5
9362950628,9210053353,2026-03-13 00:21:54,117
9000011111,9000011111,2026-03-13 01:06:03,5
9000011111,9345678901,2026-03-13 02:55:30,207
9362950628,9000011111,2026-03-13 04:15:50,203
9395310485,9000011111,2026-03-13 04:16:05,10
9334760738,9210053353,2026-03-13 07:02:01,38
9395310485,9131994523,2026-03-13 07:29:04,39
9876543210,9988776655,2026-03-13 07:47:52,25
9876543210,9765432100,2026-03-13 08:25:50,5
9553035110,9193349856,2026-03-13 09:17:55,25
9123456789,9345678901,2026-03-13 09:35:00,109
9000011111,9734036506,2026-03-13 10:30:01,28
9876543210,9765432100,2026-03-13 11:49:25,79
9123456789,9219540831,2026-03-13 12:00:03,41
9345678901,9126855092,2026-03-13 12:50:58,42
9876543210,9765432100,2026-03-13 13:24:35,21
9334760738,9345678901,2026-03-13 16:05:16,184
9000011111,9895285932,2026-03-14 01:22:02,11
9000011111,9876543210,2026-03-14 02:23:01,94
9734036506,9210053353,2026-03-14 09:42:17,8
9193349856,9734036506,2026-03-14 12:33:48,204
9123456789,9345678901,2026-03-14 12:37:42,144
9362950628,9200604502,2026-03-15 01:03:39,86
9123456789,9219540831,2026-03-15 05:13:26,306
9876543210,9395310485,2026-03-15 05:56:04,141
9249827706,9134126396,2026-03-15 07:08:02,44
9826600539,9890779946,2026-03-15 07:08:16,72
9123456789,9112233445,2026-03-15 07:16:31,34
9123456789,9988776655,2026-03-15 10:22:38,89
9123456789,9553035110,2026-03-15 11:03:10,15
9734036506,9826600539,2026-03-15 12:08:03,381
9123456789,9345678901,2026-03-15 12:18:53,140
9876543210,9334760738,2026-03-15 12:37:37,11
9876543210,9876543210,2026-03-15 14:22:11,88
9334760738,9553035110,2026-03-15 16:28:36,98
9362950628,9249827706,2026-03-15 23:32:45,71
9126855092,9734036506,2026-03-15 23:58:54,5
9000011111,9988776655,2026-03-16 04:20:36,268
9123456789,9765432100,2026-03-16 06:12:42,117
9553035110,9339670711,2026-03-16 08:42:14,38
9395310485,9826600539,2026-03-16 09:17:15,142
9895285932,9988776655,2026-03-16 10:05:22,264
9000011111,9765432100,2026-03-16 10:37:21,181
9123456789,9685582861,2026-03-16 11:36:50,97
9123456789,9112233445,2026-03-16 12:45:05,75
9123456789,9553035110,2026-03-16 13:02:29,6
9123456789,9734036506,2026-03-16 13:20:15,134
9876543210,9345678901,2026-03-16 16:05:10,30
9249827706,9200604502,2026-03-17 01:38:47,44
9395310485,9112233445,2026-03-17 01:55:27,155
9000011111,9988776655,2026-03-17 02:05:38,82
9249827706,9685582861,2026-03-17 02:06:36,77
9219540831,9123456789,2026-03-17 03:20:29,10
9553035110,9345678901,2026-03-17 03:46:18,8
9123456789,9734036506,2026-03-17 05:45:20,149
9876543210,9988776655,2026-03-17 07:42:05,8
9123456789,9123456789,2026-03-17 07:54:55,19
9000011111,9112233445,2026-03-17 08:14:28,11
9000011111,9876543210,2026-03-17 08:56:18,26
9876543210,9123456789,2026-03-17 11:11:13,88
9000011111,9896233790,2026-03-17 11:35:36,253
9000011111,9345678901,2026-03-17 12:41:18,217
9123456789,9765432100,2026-03-17 12:50:55,70
9553035110,9249827706,2026-03-17 14:53:41,49
9123456789,9765432100,2026-03-17 14:55:48,30
9126855092,9553035110,2026-03-17 15:27:40,66
9193349856,9123456789,2026-03-18 04:07:04,5
9553035110,9876543210,2026-03-18 04:33:58,329
9000011111,9193349856,2026-03-18 05:50:25,13
9876543210,9362950628,2026-03-18 09:54:58,188
9734036506,9765432100,2026-03-18 11:50:30,108
9112233445,9193349856,2026-03-18 12:13:08,57
9000011111,9345678901,2026-03-18 14:41:52,5
9123456789,9112233445,2026-03-18 15:22:07,62
9876543210,9000011111,2026-03-18 15:46:27,90
9988776655,9345678901,2026-03-18 16:35:39,255
9249827706,9765432100,2026-03-18 23:42:21,18
9876543210,9123456789,2026-03-18 23:57:56,99
9876543210,9876543210,2026-03-19 01:46:42,78
9131994523,9000011111,2026-03-19 05:15:28,54
9876543210,9339670711,2026-03-19 08:43:50,163
9123456789,9786579303,2026-03-19 09:19:43,315
9134126396,9193349856,2026-03-19 09:43:46,147
9395310485,9123456789,2026-03-19 11:01:55,188
9200604502,9786579303,2026-03-19 11:32:47,269
9219540831,9734036506,2026-03-19 11:58:07,42
9000011111,9826600539,2026-03-19 13:05:02,18
9200604502,9112233445,2026-03-19 14:11:28,40
9876543210,9000011111,2026-03-19 14:45:32,52
9876543210,9112233445,2026-03-19 15:00:40,24
9210053353,9395310485,2026-03-19 15:32:39,221
9126855092,9345678901,2026-03-20 00:21:52,5
9988776655,9200604502,2026-03-20 00:24:46,132
9000011111,9345678901,2026-03-20 02:32:40,211
9123456789,9765432100,2026-03-20 02:38:59,29
9395310485,9193349856,2026-03-20 03:07:56,174
9123456789,9000011111,2026-03-20 04:23:39,67
9193349856,9334760738,2026-03-20 04:32:29,209
9219540831,9131994523,2026-03-20 04:39:11,90
9988776655,9786579303,2026-03-20 05:17:21,30
9895285932,9786579303,2026-03-20 07:35:04,5
9345678901,9000011111,2026-03-20 08:01:58,23
9876543210,9000011111,2026-03-20 08:06:28,48
9553035110,9895285932,2026-03-20 08:35:09,66
9876543210,9112233445,2026-03-20 10:40:26,232
9685582861,9112233445,2026-03-20 11:32:38,18
9734036506,9219540831,2026-03-20 14:44:00,157
9123456789,9345678901,2026-03-20 15:03:48,5
9123456789,9876543210,2026-03-20 16:53:12,270
